date,time,name,email,phone,sms-opt-out
2023-03-15,08:45:12,Rachel,rachel@centralperk.coffee,212-555-1001,N
2023-05-22,12:30:45,R. Geller,rossg@centralperk.coffee,212-555-1002,N
2023-07-09,18:15:27,Monica Geller,chefmonica@centralperk.coffee,212-555-1003,N
2023-09-01,21:05:33,Chandler Bing,chandlerb@centralperk.coffee,212-555-1004,Y
2023-11-18,14:22:10,Joey,howyoudoing@centralperk.coffee,212-555-1005,N
2024-01-05,10:55:49,P. Buffay,smellycat@centralperk.coffee,212-555-1006,N
2024-02-14,16:40:05,Gunther,gunther@centralperk.coffee,212-555-1007,N
2023-04-20,09:15:30,Janice,ohmygod@centralperk.coffee,212-555-1008,N
2023-06-30,13:50:55,Mike H.,mike@centralperk.coffee,212-555-1009,N
2023-08-25,17:25:10,Emily,emily@centralperk.coffee,212-555-1010,N
2023-04-12,09:20:30,Walter White,heisenberg@lospolloshermanos.biz,505-555-2001,N
2023-06-25,13:45:50,Jesse Pinkman,jesse@lospolloshermanos.biz,505-555-2002,N
2023-08-03,17:30:15,Skyler W.,skyler@lospolloshermanos.biz,505-555-2003,Y
2023-10-19,20:05:40,Saul Goodman,bettercallsaul@lospolloshermanos.biz,505-555-2004,N
2024-02-28,11:15:25,H. Schrader,hank@lospolloshermanos.biz,505-555-2005,N
2024-03-10,15:50:35,Gus Fring,gus@lospolloshermanos.biz,505-555-2006,N
2024-04-22,19:25:50,Mike E.,mike@lospolloshermanos.biz,505-555-2007,N
2023-05-14,10:30:45,Marie S.,marie@lospolloshermanos.biz,505-555-2008,N
2023-07-27,14:05:00,Todd,todd@lospolloshermanos.biz,505-555-2009,N
2023-09-09,18:40:15,Lydia R.,lydia@lospolloshermanos.biz,505-555-2010,N
2023-01-05,06:15:20,Jon Snow,knowsnothing@westeros.kingdom,123-555-3001,N
2023-02-18,10:40:35,Daenerys T.,dragonqueen@westeros.kingdom,123-555-3002,N
2023-04-22,14:05:50,Tyrion L.,theimp@westeros.kingdom,123-555-3003,Y
2023-06-30,18:30:10,Arya Stark,noface@westeros.kingdom,123-555-3004,N
2023-08-15,22:55:25,Sansa S.,queenofthenorth@westeros.kingdom,123-555-3005,N
2023-10-28,07:20:40,Cersei L.,queenregent@westeros.kingdom,123-555-3006,N
2023-12-12,11:45:55,J. Lannister,kingslayer@westeros.kingdom,123-555-3007,N
2023-03-03,08:10:15,Bran Stark,threeeyedraven@westeros.kingdom,123-555-3008,N
2023-05-17,12:35:30,Samwell T.,maester@westeros.kingdom,123-555-3009,N
2023-07-29,16:00:45,Brienne,brienne@westeros.kingdom,123-555-3010,N
2023-03-10,09:25:30,Homer S.,donuts@springfield.power,636-555-4001,N
2023-05-05,13:50:45,Marge,marge@springfield.power,636-555-4002,N
2023-07-20,18:15:00,Bart,elbarto@springfield.power,636-555-4003,N
2023-09-15,22:40:15,Lisa S.,saxgirl@springfield.power,636-555-4004,Y
2023-11-08,07:05:30,Maggie,maggie@springfield.power,636-555-4005,N
2024-01-25,11:30:45,Ned Flanders,ned@springfield.power,636-555-4006,N
2024-03-18,15:55:00,Mr. Burns,monty@springfield.power,636-555-4007,N
2023-04-22,10:20:15,Krusty,krusty@springfield.power,636-555-4008,N
2023-06-14,14:45:30,Chief Wiggum,wiggum@springfield.power,636-555-4009,N
2023-08-27,19:10:45,Milhouse,milhouse@springfield.power,636-555-4010,N
2023-02-12,08:35:15,Michael Scott,mscott@dundermifflin.com,570-555-5001,N
2023-04-28,12:00:30,Jim H.,jim@dundermifflin.com,570-555-5002,N
2023-07-05,16:25:45,Pam Beesly,pam@dundermifflin.com,570-555-5003,Y
2023-09-22,20:50:00,Dwight Schrute,dwight@dundermifflin.com,570-555-5004,N
2023-11-30,06:15:15,Angela M.,angela@dundermifflin.com,570-555-5005,N
2024-02-14,10:40:30,Kevin M.,kevin@dundermifflin.com,570-555-5006,N
2024-04-01,15:05:45,Stanley H.,stanley@dundermifflin.com,570-555-5007,N
2023-03-18,09:30:00,Andy B.,andy@dundermifflin.com,570-555-5008,N
2023-05-25,13:55:15,Oscar M.,oscar@dundermifflin.com,570-555-5009,N
2023-08-10,18:20:30,Creed,creed@dundermifflin.com,570-555-5010,N
2023-03-22,07:15:20,Eleven,eleven@hawkins.ind,219-555-6001,N
2023-06-12,11:40:35,Mike W.,mike@hawkins.ind,219-555-6002,N
2023-09-05,16:05:50,Dustin H.,dustin@hawkins.ind,219-555-6003,N
2023-11-18,20:30:05,Lucas S.,lucas@hawkins.ind,219-555-6004,N
2024-02-28,08:55:20,Will B.,will@hawkins.ind,219-555-6005,N
2023-01-15,08:10:25,Leslie Knope,leslie@pawnee.gov,317-555-7001,N
2023-03-30,12:35:40,Ron Swanson,ron@pawnee.gov,317-555-7002,N
2023-06-18,17:00:55,Tom H.,tom@pawnee.gov,317-555-7003,N
2023-09-22,21:25:10,April L.,april@pawnee.gov,317-555-7004,Y
2023-12-05,07:50:25,Andy Dwyer,andy@pawnee.gov,317-555-7005,N
2023-02-10,09:20:15,Jake P.,jake@nypd99.com,718-555-8001,N
2023-04-25,13:45:30,Amy S.,amy@nypd99.com,718-555-8002,N
2023-07-08,18:10:45,Terry J.,terry@nypd99.com,718-555-8003,N
2023-09-30,22:35:00,Rosa D.,rosa@nypd99.com,718-555-8004,N
2023-12-18,07:00:15,Charles B.,charles@nypd99.com,718-555-8005,N
2023-02-15,08:20:10,Jeff Winger,jeff@greendale.edu,303-555-9001,N
2023-03-27,12:45:25,Britta P.,britta@greendale.edu,303-555-9002,N
2023-05-05,16:10:40,Abed Nadir,abed@greendale.edu,303-555-9003,N
2023-06-18,19:35:55,Troy Barnes,troy@greendale.edu,303-555-9004,N
2023-08-22,07:00:10,Annie Edison,annie@greendale.edu,303-555-9005,Y
2023-10-14,11:25:25,Shirley B.,shirley@greendale.edu,303-555-9006,N
2023-12-05,15:50:40,Pierce H.,pierce@greendale.edu,303-555-9007,N
2024-01-18,18:15:55,Dean Pelton,dean@greendale.edu,303-555-9008,N
2024-03-02,08:40:10,Ben Chang,chang@greendale.edu,303-555-9009,N
2024-04-15,13:05:25,Magnitude,pop@greendale.edu,303-555-9010,N
2023-01-20,09:30:15,Carrie Mathison,carrie@cia.gov,202-555-9101,N
2023-02-28,13:55:30,Nicholas Brody,brody@cia.gov,202-555-9102,N
2023-04-12,17:20:45,Saul B.,saul@cia.gov,202-555-9103,Y
2023-05-25,20:45:00,Peter Quinn,quinn@cia.gov,202-555-9104,N
2023-07-08,07:10:15,David Estes,estes@cia.gov,202-555-9105,N
2023-08-16,11:35:30,Jessica B.,jessica@cia.gov,202-555-9106,N
2023-10-02,15:00:45,Dana B.,dana@cia.gov,202-555-9107,N
2023-11-14,18:25:00,Max Piotrowski,max@cia.gov,202-555-9108,N
2023-12-27,08:50:15,Fara S.,fara@cia.gov,202-555-9109,N
2024-02-10,13:15:30,Dar Adal,dar@cia.gov,202-555-9110,N
2023-03-05,10:40:20,Will Truman,will@willandgrace.nyc,212-555-9201,N
2023-04-18,14:05:35,Grace Adler,grace@willandgrace.nyc,212-555-9202,N
2023-06-01,17:30:50,Jack McFarland,jack@willandgrace.nyc,212-555-9203,N
2023-07-15,20:55:05,Karen Walker,karen@willandgrace.nyc,212-555-9204,Y
2023-08-29,09:20:20,Rosario Salazar,rosario@willandgrace.nyc,212-555-9205,N
2023-10-12,13:45:35,Beverley L.,beverley@willandgrace.nyc,212-555-9206,N
2023-11-25,17:10:50,Elliot,elliot@willandgrace.nyc,212-555-9207,N
2024-01-08,20:35:05,Stan Walker,stan@willandgrace.nyc,212-555-9208,N
2024-02-21,07:00:20,Vince D'Angelo,vince@willandgrace.nyc,212-555-9209,N
2024-04-05,11:25:35,Leo Markus,leo@willandgrace.nyc,212-555-9210,N
2023-01-12,08:15:10,Daria M.,daria@lawndale.high,973-555-9301,N
2023-02-26,12:40:25,Jane Lane,jane@lawndale.high,973-555-9302,N
2023-04-09,16:05:40,Quinn M.,quinn@lawndale.high,973-555-9303,N
2023-05-23,19:30:55,Trent Lane,trent@lawndale.high,973-555-9304,N
2023-07-06,07:55:10,Kevin T.,kevin@lawndale.high,973-555-9305,N
2023-08-19,11:20:25,Brittany T.,brittany@lawndale.high,973-555-9306,Y
2023-10-02,14:45:40,Jodie L.,jodie@lawndale.high,973-555-9307,N
2023-11-15,18:10:55,Mack M.,mack@lawndale.high,973-555-9308,N
2023-12-28,06:35:10,Helen M.,helen@lawndale.high,973-555-9309,N
2024-02-10,10:00:25,Jake M.,jake@lawndale.high,973-555-9310,N
2023-02-05,09:25:15,Bob Belcher,bob@bobsburgers.rest,201-555-9401,N
2023-03-19,13:50:30,Linda B.,linda@bobsburgers.rest,201-555-9402,N
2023-05-02,17:15:45,Tina B.,tina@bobsburgers.rest,201-555-9403,N
2023-06-16,20:40:00,Gene B.,gene@bobsburgers.rest,201-555-9404,N
2023-07-30,08:05:15,Louise B.,louise@bobsburgers.rest,201-555-9405,Y
2023-09-12,12:30:30,Teddy,teddy@bobsburgers.rest,201-555-9406,N
2023-10-25,15:55:45,Jimmy Pesto,jimmy@bobsburgers.rest,201-555-9407,N
2023-12-08,19:20:00,Mort,mort@bobsburgers.rest,201-555-9408,N
2024-01-21,06:45:15,Regular Sized Rudy,rudy@bobsburgers.rest,201-555-9409,N
2024-03-05,11:10:30,Gayle,gayle@bobsburgers.rest,201-555-9410,N
2023-01-10,08:00:00,Fred Rogers,misterrogers@neighborhood.org,412-555-9501,N
2023-02-22,12:25:15,Mr. McFeely,speedydelivery@neighborhood.org,412-555-9502,N
2023-04-06,15:50:30,Lady Aberlin,ladyaberlin@neighborhood.org,412-555-9503,N
2023-05-19,19:15:45,King Friday,kingfriday@neighborhood.org,412-555-9504,N
2023-07-02,07:40:00,Daniel Tiger,daniel@neighborhood.org,412-555-9505,N
2023-08-15,11:05:15,X the Owl,xowl@neighborhood.org,412-555-9506,N
2023-09-28,14:30:30,Henrietta Pussycat,meow@neighborhood.org,412-555-9507,N
2023-11-11,17:55:45,Lady Elaine,ladyelaine@neighborhood.org,412-555-9508,Y
2023-12-24,21:20:00,Chef Brockett,chef@neighborhood.org,412-555-9509,N
2024-02-06,09:45:15,Handyman Negri,negri@neighborhood.org,412-555-9510,N
2023-01-25,08:30:20,Luke Spencer,luke@generalhospital.med,716-555-9601,N
2023-03-08,12:55:35,Laura Spencer,laura@generalhospital.med,716-555-9602,N
2023-04-21,16:20:50,Sonny Corinthos,sonny@generalhospital.med,716-555-9603,N
2023-06-04,19:45:05,Jason Morgan,jason@generalhospital.med,716-555-9604,N
2023-07-17,07:10:20,Carly C.,carly@generalhospital.med,716-555-9605,Y
2023-08-30,11:35:35,Elizabeth W.,elizabeth@generalhospital.med,716-555-9606,N
2023-10-13,15:00:50,Sam McCall,sam@generalhospital.med,716-555-9607,N
2023-11-26,18:25:05,Alexis D.,alexis@generalhospital.med,716-555-9608,N
2024-01-08,21:50:20,Maxie Jones,maxie@generalhospital.med,716-555-9609,N
2024-02-21,09:15:35,Anna Devane,anna@generalhospital.med,716-555-9610,N
2023-02-01,09:40:25,Victor Newman,victor@genoa.city,213-555-9701,N
2023-03-14,14:05:40,Nikki N.,nikki@genoa.city,213-555-9702,N
2023-04-27,17:30:55,Jack Abbott,jack@genoa.city,213-555-9703,N
2023-06-10,20:55:10,Ashley A.,ashley@genoa.city,213-555-9704,N
2023-07-23,08:20:25,Phyllis S.,phyllis@genoa.city,213-555-9705,Y
2023-09-05,12:45:40,Sharon N.,sharon@genoa.city,213-555-9706,N
2023-10-18,16:10:55,Nick Newman,nick@genoa.city,213-555-9707,N
2023-11-30,19:35:10,Billy Abbott,billy@genoa.city,213-555-9708,N
2024-01-12,07:00:25,Victoria N.,victoria@genoa.city,213-555-9709,N
2024-02-25,11:25:40,Adam Newman,adam@genoa.city,213-555-9710,N
2023-01-07,07:55:10,Richie C.,richie@arnoldsdrivein.diner,414-555-9801,N
2023-02-20,12:20:25,Arthur Fonzarelli,fonzie@arnoldsdrivein.diner,414-555-9802,N
2023-04-04,15:45:40,Potsie W.,potsie@arnoldsdrivein.diner,414-555-9803,N
2023-05-17,19:10:55,Ralph Malph,ralph@arnoldsdrivein.diner,414-555-9804,N
2023-06-30,06:35:10,Joanie C.,joanie@arnoldsdrivein.diner,414-555-9805,Y
2023-08-13,10:00:25,Howard C.,howard@arnoldsdrivein.diner,414-555-9806,N
2023-09-26,13:25:40,Marion C.,marion@arnoldsdrivein.diner,414-555-9807,N
2023-11-08,16:50:55,Chachi A.,chachi@arnoldsdrivein.diner,414-555-9808,N
2023-12-21,20:15:10,Al Delvecchio,al@arnoldsdrivein.diner,414-555-9809,N
2024-02-03,08:40:25,Jenny Piccalo,jenny@arnoldsdrivein.diner,414-555-9810,N
2023-03-12,08:10:15,Lt. Columbo,columbo@lapd.gov,213-555-9901,N
2023-05-25,12:35:30,Sergeant Wilson,wilson@lapd.gov,213-555-9902,N
2023-08-08,17:00:45,Dog,dog@lapd.gov,213-555-9903,N
2023-10-21,21:25:00,Mrs. Columbo,mrscolumbo@lapd.gov,213-555-9904,N
2023-12-04,07:50:15,Captain Sampson,sampson@lapd.gov,213-555-9905,Y
2024-02-16,11:15:30,Lieutenant Duffy,duffy@lapd.gov,213-555-9906,N
2023-01-29,15:40:45,Sergeant Kramer,kramer@lapd.gov,213-555-9907,N
2023-04-13,19:05:00,Commissioner Halperin,halperin@lapd.gov,213-555-9908,N
2023-06-26,08:30:15,Dr. Ray Flemming,flemming@lapd.gov,213-555-9909,N
2023-09-09,12:55:30,Ken Franklin,franklin@lapd.gov,213-555-9910,N
2023-02-18,09:20:25,Earnest Marks,earn@paperboi.atl,404-555-1001,N
2023-03-31,13:45:40,Alfred Miles,paperboi@paperboi.atl,404-555-1002,N
2023-05-14,17:10:55,Darius,darius@paperboi.atl,404-555-1003,N
2023-06-27,20:35:10,Vanessa K.,van@paperboi.atl,404-555-1004,N
2023-08-10,08:00:25,Tracy,tracy@paperboi.atl,404-555-1005,Y
2023-09-23,12:25:40,Clark County,clark@paperboi.atl,404-555-1006,N
2023-11-06,15:50:55,Bibby,bibby@paperboi.atl,404-555-1007,N
2023-12-19,19:15:10,Lucas,lucas@paperboi.atl,404-555-1008,N
2024-02-01,07:40:25,Cristian,cristian@paperboi.atl,404-555-1009,N
2024-03-15,11:05:40,Sierra,sierra@paperboi.atl,404-555-1010,N
2023-01-02,08:30:15,Martin Payne,martin@wzhup.det,313-555-1101,N
2023-02-15,12:55:30,Gina Waters,gina@wzhup.det,313-555-1102,N
2023-03-28,17:20:45,Pamela James,pam@wzhup.det,313-555-1103,N
2023-05-11,20:45:00,Thomas M.,tommy@wzhup.det,313-555-1104,N
2023-06-24,07:10:15,Cole Brown,cole@wzhup.det,313-555-1105,Y
2023-08-07,11:35:30,Sheneneh,sheneneh@wzhup.det,313-555-1106,N
2023-09-20,15:00:45,Bruh-Man,bruhman@wzhup.det,313-555-1107,N
2023-11-03,18:25:00,Mama Payne,mama@wzhup.det,313-555-1108,N
2023-12-16,21:50:15,Stan Winters,stan@wzhup.det,313-555-1109,N
2024-01-29,09:15:30,Nipsey,nipsey@wzhup.det,313-555-1110,N
2023-02-25,09:50:20,Olivia Pope,olivia@oliviapopeandassociates.com,202-555-1201,N
2023-04-09,14:15:35,Fitzgerald Grant,fitz@oliviapopeandassociates.com,202-555-1202,N
2023-05-22,17:40:50,Mellie Grant,mellie@oliviapopeandassociates.com,202-555-1203,N
2023-07-05,21:05:05,Abby Whelan,abby@oliviapopeandassociates.com,202-555-1204,Y
2023-08-18,08:30:20,Huck,huck@oliviapopeandassociates.com,202-555-1205,N
2023-10-01,12:55:35,Quinn Perkins,quinn@oliviapopeandassociates.com,202-555-1206,N
2023-11-14,16:20:50,Cyrus Beene,cyrus@oliviapopeandassociates.com,202-555-1207,N
2023-12-27,19:45:05,David Rosen,david@oliviapopeandassociates.com,202-555-1208,N
2024-02-09,07:10:20,Jake Ballard,jake@oliviapopeandassociates.com,202-555-1209,N
2024-03-23,11:35:35,Marcus Walker,marcus@oliviapopeandassociates.com,202-555-1210,N
2023-01-17,08:05:10,Kermit,kermit@muppetstudios.com,212-555-1301,N
2023-03-02,12:30:25,Miss Piggy,misspiggy@muppetstudios.com,212-555-1302,N
2023-04-15,15:55:40,Fozzie Bear,fozzie@muppetstudios.com,212-555-1303,N
2023-05-28,19:20:55,Gonzo,gonzo@muppetstudios.com,212-555-1304,N
2023-07-11,07:45:10,Animal,animal@muppetstudios.com,212-555-1305,Y
2023-08-24,11:10:25,Rowlf,rowlf@muppetstudios.com,212-555-1306,N
2023-10-07,14:35:40,Scooter,scooter@muppetstudios.com,212-555-1307,N
2023-11-20,18:00:55,Statler,statler@muppetstudios.com,212-555-1308,N
2024-01-02,21:25:10,Waldorf,waldorf@muppetstudios.com,212-555-1309,N
2024-02-15,09:50:25,Swedish Chef,chef@muppetstudios.com,212-555-1310,N
2023-01-03,09:15:15,Will Smith,will@banksresidence.la,310-555-1401,N
2023-02-16,13:40:30,Carlton B.,carlton@banksresidence.la,310-555-1402,N
2023-03-29,17:05:45,Philip Banks,unclephil@banksresidence.la,310-555-1403,N
2023-05-12,20:30:00,Vivian Banks,auntviv@banksresidence.la,310-555-1404,N
2023-06-25,07:55:15,Hilary B.,hilary@banksresidence.la,310-555-1405,Y
2023-08-08,11:20:30,Ashley B.,ashley@banksresidence.la,310-555-1406,N
2023-09-21,14:45:45,Geoffrey,geoffrey@banksresidence.la,310-555-1407,N
2023-11-04,18:10:00,Jazz,jazz@banksresidence.la,310-555-1408,N
2023-12-17,21:35:15,Nicky B.,nicky@banksresidence.la,310-555-1409,N
2024-01-30,08:00:30,Lisa W.,lisa@banksresidence.la,310-555-1410,N
2023-02-07,08:40:20,Meredith Grey,meredith@seattlegrace.med,206-555-1501,N
2023-03-20,13:05:35,Derek Shepherd,mcdreamy@seattlegrace.med,206-555-1502,N
2023-05-02,16:30:50,Cristina Yang,cristina@seattlegrace.med,206-555-1503,N
2023-06-15,19:55:05,Alex Karev,alex@seattlegrace.med,206-555-1504,N
2023-07-28,07:20:20,Izzie Stevens,izzie@seattlegrace.med,206-555-1505,Y
2023-09-10,11:45:35,Miranda Bailey,bailey@seattlegrace.med,206-555-1506,N
2023-10-23,15:10:50,Richard Webber,webber@seattlegrace.med,206-555-1507,N
2023-12-06,18:35:05,Callie Torres,callie@seattlegrace.med,206-555-1508,N
2024-01-19,22:00:20,Jackson Avery,jackson@seattlegrace.med,206-555-1509,N
2024-03-03,09:25:35,April Kepner,april@seattlegrace.med,206-555-1510,N
2023-02-14,09:30:25,Dexter Morgan,dexter@miamimetro.gov,305-555-1601,N
2023-03-27,13:55:40,Debra Morgan,debra@miamimetro.gov,305-555-1602,N
2023-05-09,17:20:55,Rita B.,rita@miamimetro.gov,305-555-1603,N
2023-06-22,20:45:10,Angel Batista,angel@miamimetro.gov,305-555-1604,N
2023-08-05,08:10:25,Vince Masuka,vince@miamimetro.gov,305-555-1605,Y
2023-09-18,12:35:40,Maria LaGuerta,maria@miamimetro.gov,305-555-1606,N
2023-11-01,16:00:55,James Doakes,doakes@miamimetro.gov,305-555-1607,N
2023-12-14,19:25:10,Hannah McKay,hannah@miamimetro.gov,305-555-1608,N
2024-01-27,07:50:25,Harry Morgan,harry@miamimetro.gov,305-555-1609,N
2024-03-11,11:15:40,Lumen Pierce,lumen@miamimetro.gov,305-555-1610,N
2023-03-03,08:45:15,Piper Chapman,piper@litchfield.pen,607-555-1701,N
2023-04-16,13:10:30,Alex Vause,alex@litchfield.pen,607-555-1702,N
2023-05-29,16:35:45,Suzanne Warren,crazyeyes@litchfield.pen,607-555-1703,N
2023-07-12,20:00:00,Tasha Jefferson,tastyee@litchfield.pen,607-555-1704,N
2023-08-25,07:25:15,Nicky Nichols,nicky@litchfield.pen,607-555-1705,Y
2023-10-08,11:50:30,Red Reznikov,red@litchfield.pen,607-555-1706,N
2023-11-21,15:15:45,Lorna Morello,lorna@litchfield.pen,607-555-1707,N
2024-01-03,18:40:00,Dayanara Diaz,daya@litchfield.pen,607-555-1708,N
2024-02-16,22:05:15,Sophia Burset,sophia@litchfield.pen,607-555-1709,N
2024-03-31,09:30:30,Gloria Mendoza,gloria@litchfield.pen,607-555-1710,N
2023-01-20,09:55:20,Eleanor Shellstrop,eleanor@thegoodplace.afterlife,480-555-1801,N
2023-03-05,14:20:35,Chidi Anagonye,chidi@thegoodplace.afterlife,480-555-1802,N
2023-04-18,17:45:50,Tahani Al-Jamil,tahani@thegoodplace.afterlife,480-555-1803,N
2023-06-01,21:10:05,Jason Mendoza,jason@thegoodplace.afterlife,480-555-1804,N
2023-07-14,08:35:20,Michael,michael@thegoodplace.afterlife,480-555-1805,Y
2023-08-27,12:00:35,Janet,janet@thegoodplace.afterlife,480-555-1806,N
2023-10-10,15:25:50,Shawn,shawn@thegoodplace.afterlife,480-555-1807,N
2023-11-23,18:50:05,Vicky,vicky@thegoodplace.afterlife,480-555-1808,N
2024-01-05,22:15:20,Mindy St. Claire,mindy@thegoodplace.afterlife,480-555-1809,N
2024-02-18,07:40:35,Bad Janet,badjanet@thegoodplace.afterlife,480-555-1810,N
2023-02-10,10:05:25,BoJack Horseman,bojack@hollywoo.net,323-555-1901,N
2023-03-23,14:30:40,Diane Nguyen,diane@hollywoo.net,323-555-1902,N
2023-05-06,17:55:55,Mr. Peanutbutter,mrpb@hollywoo.net,323-555-1903,N
2023-06-19,21:20:10,Todd Chavez,todd@hollywoo.net,323-555-1904,N
2023-08-02,08:45:25,Princess Carolyn,pc@hollywoo.net,323-555-1905,Y
2023-09-15,12:10:40,Sarah Lynn,sarah@hollywoo.net,323-555-1906,N
2023-10-28,15:35:55,Hollyhock,hollyhock@hollywoo.net,323-555-1907,N
2023-12-11,19:00:10,Herb Kazzaz,herb@hollywoo.net,323-555-1908,N
2024-01-24,22:25:25,Gina Cazador,gina@hollywoo.net,323-555-1909,N
2024-03-08,07:50:40,Beatrice Horseman,beatrice@hollywoo.net,323-555-1910,N
2023-01-28,09:15:10,Michael Bluth,michael@bluthcompany.biz,949-555-2001,N
2023-03-12,13:40:25,Gob Bluth,gob@bluthcompany.biz,949-555-2002,N
2023-04-25,17:05:40,Lindsay F.,lindsay@bluthcompany.biz,949-555-2003,N
2023-06-08,20:30:55,Buster Bluth,buster@bluthcompany.biz,949-555-2004,N
2023-07-21,07:55:10,George Michael,gmichael@bluthcompany.biz,949-555-2005,Y
2023-09-03,11:20:25,Maeby F.,maeby@bluthcompany.biz,949-555-2006,N
2023-10-16,14:45:40,Tobias FÃ¼nke,tobias@bluthcompany.biz,949-555-2007,N
2023-11-29,18:10:55,Lucille Bluth,lucille@bluthcompany.biz,949-555-2008,N
2024-01-11,21:35:10,George Bluth Sr.,george@bluthcompany.biz,949-555-2009,N
2024-02-24,08:00:25,Ann Veal,her@bluthcompany.biz,949-555-2010,N
2023-02-15,10:25:15,Angela Abar,sisternight@keenecounty.police,918-555-2101,N
2023-03-30,14:50:30,Laurie Blake,laurie@keenecounty.police,918-555-2102,N
2023-05-13,18:15:45,Wade Tillman,lookingglass@keenecounty.police,918-555-2103,N
2023-06-26,21:40:00,Adrian Veidt,ozymandias@keenecounty.police,918-555-2104,N
2023-08-09,09:05:15,Cal Abar,cal@keenecounty.police,918-555-2105,Y
2023-09-22,13:30:30,Will Reeves,hoodedjustice@keenecounty.police,918-555-2106,N
2023-11-05,16:55:45,Lady Trieu,trieu@keenecounty.police,918-555-2107,N
2023-12-18,20:20:00,Joe Keene Jr.,keene@keenecounty.police,918-555-2108,N
2024-01-31,07:45:15,Red Scare,redscare@keenecounty.police,918-555-2109,N
2024-03-15,12:10:30,Pirate Jenny,jenny@keenecounty.police,918-555-2110,N
2023-01-01,08:00:00,Jean-Luc Picard,picard@enterprise.starfleet,701-555-2201,N
2023-02-14,12:25:15,William Riker,riker@enterprise.starfleet,701-555-2202,N
2023-03-27,15:50:30,Data,data@enterprise.starfleet,701-555-2203,N
2023-05-10,19:15:45,Geordi La Forge,geordi@enterprise.starfleet,701-555-2204,N
2023-06-23,07:40:00,Worf,worf@enterprise.starfleet,701-555-2205,Y
2023-08-06,11:05:15,Deanna Troi,troi@enterprise.starfleet,701-555-2206,N
2023-09-19,14:30:30,Beverly Crusher,crusher@enterprise.starfleet,701-555-2207,N
2023-11-02,17:55:45,Wesley Crusher,wesley@enterprise.starfleet,701-555-2208,N
2023-12-15,21:20:00,Tasha Yar,tasha@enterprise.starfleet,701-555-2209,N
2024-01-28,09:45:15,Guinan,guinan@enterprise.starfleet,701-555-2210,N
2023-02-08,09:10:25,Benjamin Sisko,sisko@ds9.starfleet,247-555-2301,N
2023-03-21,13:35:40,Kira Nerys,kira@ds9.starfleet,247-555-2302,N
2023-05-04,17:00:55,Odo,odo@ds9.starfleet,247-555-2303,N
2023-06-17,20:25:10,Jadzia Dax,dax@ds9.starfleet,247-555-2304,N
2023-07-30,08:50:25,Julian Bashir,bashir@ds9.starfleet,247-555-2305,Y
2023-09-12,12:15:40,Miles O'Brien,obrien@ds9.starfleet,Unknown,Y
2023-02-14,08:15:25,Buffy Summers,buffy@sunnydale.high,805-555-1101,N
2023-04-28,12:40:50,Willow R.,willow@sunnydale.high,805-555-1102,N
2023-07-05,17:05:15,Xander Harris,xander@sunnydale.high,805-555-1103,N
2023-09-18,21:30:40,Rupert Giles,giles@sunnydale.high,805-555-1104,Y
2023-11-03,07:55:05,Cordelia Chase,cordy@sunnydale.high,805-555-1105,N
2024-01-20,11:20:30,Angel,angel@sunnydale.high,805-555-1106,N
2024-03-15,15:45:55,Spike,spike@sunnydale.high,805-555-1107,N
2024-05-30,20:10:20,Anya Jenkins,anya@sunnydale.high,805-555-1108,N
2023-03-10,09:35:45,Tara M.,tara@sunnydale.high,805-555-1109,N
2023-06-22,13:00:10,Dawn Summers,dawn@sunnydale.high,805-555-1110,N
2023-01-18,10:20:35,Malcolm Reynolds,mal@serenity.ship,042-555-1201,N
2023-04-02,14:45:00,Zoe Washburne,zoe@serenity.ship,042-555-1202,N
2023-06-15,19:10:25,Hoban Washburne,wash@serenity.ship,042-555-1203,Y
2023-08-28,23:35:50,Jayne Cobb,jayne@serenity.ship,042-555-1204,N
2023-11-10,08:00:15,Kaylee Frye,kaylee@serenity.ship,042-555-1205,N
2024-02-23,12:25:40,Inara Serra,inara@serenity.ship,042-555-1206,N
2024-05-07,16:50:05,Simon Tam,simon@serenity.ship,042-555-1207,N
2023-02-05,11:15:30,River Tam,river@serenity.ship,042-555-1208,N
2023-05-20,15:40:55,Shepherd Book,book@serenity.ship,042-555-1209,N
2023-08-03,20:05:20,Serenity,serenity@serenity.ship,042-555-1210,N
2023-03-22,09:25:45,Fox Mulder,mulder@fbi.gov,202-555-1301,N
2023-07-05,13:50:10,Dana Scully,scully@fbi.gov,202-555-1302,N
2023-10-18,18:15:35,Walter Skinner,skinner@fbi.gov,202-555-1303,N
2024-01-31,22:40:00,Cigarette Smoking Man,csm@fbi.gov,202-555-1304,Y
2024-05-15,07:05:25,Alex Krycek,krycek@fbi.gov,202-555-1305,N
2023-04-10,10:30:50,John Doggett,doggett@fbi.gov,202-555-1306,N
2023-08-23,14:55:15,Monica Reyes,reyes@fbi.gov,202-555-1307,N
2023-12-06,19:20:40,Deep Throat,deepthroat@fbi.gov,202-555-1308,N
2023-02-01,08:45:05,The Lone Gunmen,lonegunmen@fbi.gov,202-555-1309,N
2023-06-16,13:10:30,Samantha M.,samantha@fbi.gov,202-555-1310,N
2023-01-16,08:30:15,Jack Shephard,jack@dharma.initiative,808-555-1401,N
2023-03-29,12:55:40,Kate Austen,kate@dharma.initiative,808-555-1402,N
2023-06-12,17:20:05,James Ford,sawyer@dharma.initiative,808-555-1403,N
2023-08-25,21:45:30,John Locke,locke@dharma.initiative,808-555-1404,Y
2023-11-08,07:10:55,Hugo Reyes,hurley@dharma.initiative,808-555-1405,N
2024-01-21,11:35:20,Sayid Jarrah,sayid@dharma.initiative,808-555-1406,N
2024-04-05,15:00:45,Claire Littleton,claire@dharma.initiative,808-555-1407,N
2024-06-18,19:25:10,Sun Kwon,sun@dharma.initiative,808-555-1408,N
2023-02-02,09:50:35,Jin Kwon,jin@dharma.initiative,808-555-1409,N
2023-04-17,14:15:00,Ben Linus,ben@dharma.initiative,808-555-1410,N
2023-02-14,08:25:20,Rue Bennett,rue@easthighland.high,626-555-1501,N
2023-05-27,12:50:45,Jules Vaughn,jules@easthighland.high,626-555-1502,N
2023-08-10,17:15:10,Nate Jacobs,nate@easthighland.high,626-555-1503,N
2023-10-23,21:40:35,Maddy Perez,maddy@easthighland.high,626-555-1504,Y
2023-12-06,07:05:00,Cassie Howard,cassie@easthighland.high,626-555-1505,N
2024-02-19,11:30:25,Lexi Howard,lexi@easthighland.high,626-555-1506,N
2024-05-03,15:55:50,Kat Hernandez,kat@easthighland.high,626-555-1507,N
2024-07-16,20:20:15,Fezco,fez@easthighland.high,626-555-1508,N
2023-03-05,09:45:40,Elliot,elliot@easthighland.high,626-555-1509,N
2023-06-18,14:10:05,Cal Jacobs,cal@easthighland.high,626-555-1510,N
2023-01-10,07:40:30,Dale Cooper,coop@twinpeaks.wa,206-555-1601,N
2023-03-23,12:05:55,Laura Palmer,laura@twinpeaks.wa,206-555-1602,N
2023-06-05,16:30:20,Audrey Horne,audrey@twinpeaks.wa,206-555-1603,N
2023-08-18,20:55:45,Donna Hayward,donna@twinpeaks.wa,206-555-1604,Y
2023-11-01,06:20:10,Shelly Johnson,shelly@twinpeaks.wa,206-555-1605,N
2024-01-14,10:45:35,Bobby Briggs,bobby@twinpeaks.wa,206-555-1606,N
2024-03-29,15:10:00,James Hurley,james@twinpeaks.wa,206-555-1607,N
2024-06-11,19:35:25,Log Lady,loglady@twinpeaks.wa,206-555-1608,N
2023-02-17,08:00:50,Leland Palmer,leland@twinpeaks.wa,206-555-1609,N
2023-05-02,13:25:15,Lucy Moran,lucy@twinpeaks.wa,206-555-1610,N
2023-02-10,08:15:25,Wednesday Addams,wednesday@nevermore.academy,914-555-1701,N
2023-04-23,12:40:50,Morticia Addams,morticia@nevermore.academy,914-555-1702,N
2023-07-06,17:05:15,Gomez Addams,gomez@nevermore.academy,914-555-1703,N
2023-09-19,21:30:40,Pugsley A.,pugsley@nevermore.academy,914-555-1704,Y
2023-12-02,06:55:05,Uncle Fester,fester@nevermore.academy,914-555-1705,N
2024-02-15,11:20:30,Enid Sinclair,enid@nevermore.academy,914-555-1706,N
2024-05-01,15:45:55,Xavier Thorpe,xavier@nevermore.academy,914-555-1707,N
2023-03-05,09:10:20,Bianca B.,bianca@nevermore.academy,914-555-1708,N
2023-05-18,13:35:45,Eugene O.,eugene@nevermore.academy,914-555-1709,N
2023-08-01,18:00:10,Principal Weems,weems@nevermore.academy,914-555-1710,N
2023-01-12,08:20:15,Josiah Bartlet,president@westwing.gov,202-555-1801,N
2023-03-25,12:45:40,Leo McGarry,leo@westwing.gov,202-555-1802,N
2023-06-08,17:10:05,Josh Lyman,josh@westwing.gov,202-555-1803,N
2023-08-21,21:35:30,C.J. Cregg,cj@westwing.gov,202-555-1804,Y
2023-11-03,07:00:55,Toby Ziegler,toby@westwing.gov,202-555-1805,N
2024-01-16,11:25:20,Sam Seaborn,sam@westwing.gov,202-555-1806,N
2024-04-02,15:50:45,Donna Moss,donna@westwing.gov,202-555-1807,N
2024-06-15,20:15:10,Charlie Young,charlie@westwing.gov,202-555-1808,N
2023-02-05,09:40:35,Abbey Bartlet,abbey@westwing.gov,202-555-1809,N
2023-04-20,14:05:00,Will Bailey,will@westwing.gov,202-555-1810,N
2023-01-15,07:25:30,Liz Lemon,liz@tgs.nbc,212-555-1901,N
2023-03-28,11:50:55,Jack Donaghy,jack@tgs.nbc,212-555-1902,N
2023-06-10,16:15:20,Tracy Jordan,tracy@tgs.nbc,212-555-1903,N
2023-08-23,20:40:45,Jenna Maroney,jenna@tgs.nbc,212-555-1904,Y
2023-11-05,06:05:10,Kenneth Parcell,kenneth@tgs.nbc,212-555-1905,N
2024-01-18,10:30:35,Pete Hornberger,pete@tgs.nbc,212-555-1906,N
2024-04-04,14:55:00,Frank Rossitano,frank@tgs.nbc,212-555-1907,N
2024-06-17,19:20:25,Cerie,cerie@tgs.nbc,212-555-1908,N
2023-02-08,08:45:50,Dot Com,dotcom@tgs.nbc,212-555-1909,N
2023-04-23,13:10:15,Grizz,grizz@tgs.nbc,212-555-1910,N
2023-01-18,08:10:20,Dorothy Zbornak,dorothy@goldengirls.house,305-555-2001,N
2023-03-31,12:35:45,Rose Nylund,rose@goldengirls.house,305-555-2002,N
2023-06-13,17:00:10,Blanche Devereaux,blanche@goldengirls.house,305-555-2003,N
2023-08-26,21:25:35,Sophia Petrillo,sophia@goldengirls.house,305-555-2004,Y
2023-11-08,06:50:00,Stan Z.,stan@goldengirls.house,305-555-2005,N
2024-01-21,11:15:25,Miles Webber,miles@goldengirls.house,305-555-2006,N
2024-04-07,15:40:50,Big Daddy,bigdaddy@goldengirls.house,305-555-2007,N
2024-06-20,20:05:15,Harry Weston,harry@goldengirls.house,305-555-2008,N
2023-02-11,09:30:40,K. McClanahan,katherine@goldengirls.house,305-555-2009,N
2023-04-26,13:55:05,Angela Petrillo,angela@goldengirls.house,305-555-2010,N
2023-01-12,08:15:25,Logan Roy,logan@waystarroyco.com,212-555-2101,N
2023-03-25,12:40:50,Kendall Roy,kendall@waystarroyco.com,212-555-2102,N
2023-06-08,17:05:15,Roman Roy,romulus@waystarroyco.com,212-555-2103,N
2023-08-21,21:30:40,Shiv Roy,shiv@waystarroyco.com,212-555-2104,Y
2023-11-03,07:55:05,Connor Roy,connor@waystarroyco.com,212-555-2105,N
2024-01-16,11:20:30,Tom Wambsgans,tom@waystarroyco.com,212-555-2106,N
2024-04-02,15:45:55,Greg Hirsch,cousingreg@waystarroyco.com,212-555-2107,N
2024-06-15,20:10:20,Gerri Kellman,gerri@waystarroyco.com,212-555-2108,N
2023-02-05,09:35:45,Marcia Roy,marcia@waystarroyco.com,212-555-2109,N
2023-04-20,14:00:10,Frank Vernon,frank@waystarroyco.com,212-555-2110,N
2023-01-15,07:20:15,Big Bird,bigbird@sesamestreet.org,212-555-2201,N
2023-03-28,11:45:40,Elmo,elmo@sesamestreet.org,212-555-2202,N
2023-06-10,16:10:05,Cookie Monster,cookie@sesamestreet.org,212-555-2203,N
2023-08-23,20:35:30,Oscar the Grouch,oscar@sesamestreet.org,212-555-2204,Y
2023-11-05,06:00:55,Grover,grover@sesamestreet.org,212-555-2205,N
2024-01-18,10:25:20,Bert,bert@sesamestreet.org,212-555-2206,N
2024-04-04,14:50:45,Ernie,ernie@sesamestreet.org,212-555-2207,N
2024-06-17,19:15:10,Count von Count,count@sesamestreet.org,212-555-2208,N
2023-02-08,08:40:35,Abby Cadabby,abby@sesamestreet.org,212-555-2209,N
2023-04-23,13:05:00,Rosita,rosita@sesamestreet.org,212-555-2210,N
2023-01-10,08:15:30,Sam Malone,sam@cheers.bar,617-555-2301,N
2023-03-23,12:40:55,Diane Chambers,diane@cheers.bar,617-555-2302,N
2023-06-05,17:05:20,Norm Peterson,norm@cheers.bar,617-555-2303,N
2023-08-18,21:30:45,Cliff Clavin,cliff@cheers.bar,617-555-2304,Y
2023-11-01,06:55:10,Carla T.,carla@cheers.bar,617-555-2305,N
2024-01-14,11:20:35,Frasier Crane,frasier@cheers.bar,617-555-2306,N
2024-03-29,15:45:00,Woody Boyd,woody@cheers.bar,617-555-2307,N
2024-06-11,20:10:25,Lilith S.,lilith@cheers.bar,617-555-2308,N
2023-02-17,09:35:50,Rebecca Howe,rebecca@cheers.bar,617-555-2309,N
2023-05-02,13:00:15,Coach,coach@cheers.bar,617-555-2310,N
2023-01-05,07:30:20,Jerry Seinfeld,jerry@vandelayindustries.com,212-555-2401,N
2023-03-18,11:55:45,George Costanza,george@vandelayindustries.com,212-555-2402,N
2023-06-01,16:20:10,Elaine Benes,elaine@vandelayindustries.com,212-555-2403,N
2023-08-14,20:45:35,Kramer,kramer@vandelayindustries.com,212-555-2404,Y
2023-10-27,06:10:00,Newman,newman@vandelayindustries.com,212-555-2405,N
2024-01-09,10:35:25,Frank Costanza,serenitynow@vandelayindustries.com,212-555-2406,N
2024-03-24,15:00:50,Estelle C.,estelle@vandelayindustries.com,212-555-2407,N
2024-06-06,19:25:15,David Puddy,puddy@vandelayindustries.com,212-555-2408,N
2023-02-13,08:50:40,Jackie Chiles,jackie@vandelayindustries.com,212-555-2409,N
2023-04-28,13:15:05,Uncle Leo,hello@vandelayindustries.com,212-555-2410,N
2023-02-10,08:25:15,Carrie Bradshaw,carrie@manhattan.nyc,212-555-2501,N
2023-04-23,12:50:40,Miranda Hobbes,miranda@manhattan.nyc,212-555-2502,N
2023-07-06,17:15:05,Charlotte York,charlotte@manhattan.nyc,212-555-2503,N
2023-09-19,21:40:30,Samantha Jones,samantha@manhattan.nyc,212-555-2504,Y
2023-12-02,07:05:55,Mr. Big,mrbig@manhattan.nyc,212-555-2505,N
2024-02-15,11:30:20,Stanford Blatch,stanford@manhattan.nyc,212-555-2506,N
2024-05-01,15:55:45,Steve Brady,steve@manhattan.nyc,212-555-2507,N
2023-03-05,09:20:10,Harry Goldenblatt,harry@manhattan.nyc,212-555-2508,N
2023-05-18,13:45:35,Aidan Shaw,aidan@manhattan.nyc,212-555-2509,N
2023-08-01,18:10:00,Smith Jerrod,smith@manhattan.nyc,212-555-2510,N
2023-01-15,08:30:25,Walter White,heisenberg@lospolloshermanos.biz,505-555-2601,N
2023-03-28,12:55:50,Jesse Pinkman,jesse@lospolloshermanos.biz,505-555-2602,N
2023-06-10,17:20:15,Saul Goodman,saul@lospolloshermanos.biz,505-555-2603,N
2023-08-23,21:45:40,Gus Fring,gus@lospolloshermanos.biz,505-555-2604,Y
2023-11-05,07:10:05,Mike Ehrmantraut,mike@lospolloshermanos.biz,505-555-2605,N
2024-01-18,11:35:30,Skyler White,skyler@lospolloshermanos.biz,505-555-2606,N
2024-04-04,15:00:55,Kim Wexler,kim@lospolloshermanos.biz,505-555-2607,N
2024-06-17,19:25:20,Jimmy McGill,jimmy@lospolloshermanos.biz,505-555-2608,N
2023-02-08,09:50:45,Hank Schrader,hank@lospolloshermanos.biz,505-555-2609,N
2023-04-23,14:15:10,Lydia Rodarte-Quayle,lydia@lospolloshermanos.biz,505-555-2610,N
2023-02-12,08:35:15,Jimmy McNulty,mcnulty@westbaltimore.net,410-555-2701,N
2023-04-25,13:00:40,Lester Freamon,lester@westbaltimore.net,410-555-2702,N
2023-07-08,17:25:05,Kima Greggs,kima@westbaltimore.net,410-555-2703,N
2023-09-21,21:50:30,Bunk Moreland,bunk@westbaltimore.net,410-555-2704,Y
2023-12-04,07:15:55,Stringer Bell,stringer@westbaltimore.net,410-555-2705,N
2024-02-17,11:40:20,Avon Barksdale,avon@westbaltimore.net,410-555-2706,N
2024-05-03,16:05:45,Omar Little,omar@westbaltimore.net,410-555-2707,N
2024-07-16,20:30:10,Marlo Stanfield,marlo@westbaltimore.net,410-555-2708,N
2023-03-06,09:55:35,Bubbles,bubbles@westbaltimore.net,410-555-2709,N
2023-06-19,14:20:00,Cedric Daniels,daniels@westbaltimore.net,410-555-2710,N
2023-01-20,08:20:30,Tony Soprano,tony@northjersey.net,201-555-2801,N
2023-04-02,12:45:55,Carmela Soprano,carmela@northjersey.net,201-555-2802,N
2023-06-15,17:10:20,Christopher Moltisanti,chrism@northjersey.net,201-555-2803,N
2023-08-28,21:35:45,Paulie Gualtieri,paulie@northjersey.net,201-555-2804,Y
2023-11-10,07:00:10,Silvio Dante,silvio@northjersey.net,201-555-2805,N
2024-01-23,11:25:35,Meadow Soprano,meadow@northjersey.net,201-555-2806,N
2024-04-08,15:50:00,AJ Soprano,aj@northjersey.net,201-555-2807,N
2024-06-21,20:15:25,Dr. Melfi,melfi@northjersey.net,201-555-2808,N
2023-02-14,09:40:50,Junior Soprano,junior@northjersey.net,201-555-2809,N
2023-05-29,14:05:15,Adriana La Cerva,adriana@northjersey.net,201-555-2810,N
2023-01-10,08:15:20,Don Draper,don@sterlingcooper.com,212-555-2901,N
2023-03-23,12:40:45,Peggy Olson,peggy@sterlingcooper.com,212-555-2902,N
2023-06-05,17:05:10,Roger Sterling,roger@sterlingcooper.com,212-555-2903,N
2023-08-18,21:30:35,Joan Holloway,joan@sterlingcooper.com,212-555-2904,Y
2023-11-01,06:55:00,Pete Campbell,pete@sterlingcooper.com,212-555-2905,N
2024-01-14,11:20:15,Betty Draper,betty@sterlingcooper.com,212-555-2906,N
2024-03-29,15:45:30,Sally Draper,sally@sterlingcooper.com,212-555-2907,N
2024-06-11,20:10:45,Bert Cooper,bert@sterlingcooper.com,212-555-2908,N
2023-02-17,09:35:00,Ken Cosgrove,ken@sterlingcooper.com,212-555-2909,N
2023-05-02,13:59:15,Harry Crane,harry@sterlingcooper.com,212-555-2910,N
2023-01-15,07:30:25,Lucy Ricardo,lucy@ricardoproductions.tv,212-555-3001,N
2023-03-28,11:55:40,Ricky Ricardo,ricky@ricardoproductions.tv,212-555-3002,N
2023-06-10,16:20:55,Ethel Mertz,ethel@ricardoproductions.tv,212-555-3003,N
2023-08-23,20:45:10,Fred Mertz,fred@ricardoproductions.tv,212-555-3004,Y
2023-11-05,06:10:25,Little Ricky,littlericky@ricardoproductions.tv,212-555-3005,N
2024-01-18,10:35:40,Mrs. Trumbull,trumbull@ricardoproductions.tv,212-555-3006,N
2024-04-04,14:59:55,Marion Strong,marion@ricardoproductions.tv,212-555-3007,N
2024-06-17,19:25:10,Caroline Appleby,caroline@ricardoproductions.tv,212-555-3008,N
2023-02-08,08:50:25,Jerry,jerry@ricardoproductions.tv,212-555-3009,N
2023-04-23,13:15:40,Betty Ramsey,betty@ricardoproductions.tv,212-555-3010,N
2023-01-12,08:15:30,SpongeBob SquarePants,spongebob@bikinibottom.net,555-555-3101,N
2023-03-25,12:40:45,Patrick Star,patrick@bikinibottom.net,555-555-3102,N
2023-06-08,17:05:00,Squidward Tentacles,squidward@bikinibottom.net,555-555-3103,N
2023-08-21,21:29:15,Mr. Krabs,krabs@bikinibottom.net,555-555-3104,Y
2023-11-03,06:54:30,Sandy Cheeks,sandy@bikinibottom.net,555-555-3105,N
2024-01-16,11:19:45,Plankton,plankton@bikinibottom.net,555-555-3106,N
2024-04-02,15:44:00,Gary,meow@bikinibottom.net,555-555-3107,N
2024-06-15,20:08:15,Mrs. Puff,puff@bikinibottom.net,555-555-3108,N
2023-02-05,09:33:30,Karen,karen@bikinibottom.net,555-555-3109,N
2023-04-20,13:57:45,Pearl Krabs,pearl@bikinibottom.net,555-555-3110,N
2023-02-10,08:25:15,Phineas Flynn,phineas@danvillekids.com,555-555-3201,N
2023-04-23,12:50:30,Ferb Fletcher,ferb@danvillekids.com,555-555-3202,N
2023-07-06,17:15:45,Candace Flynn,candace@danvillekids.com,555-555-3203,N
2023-09-19,21:40:00,Isabella G.,isabella@danvillekids.com,555-555-3204,Y
2023-12-02,07:05:15,Dr. Doofenshmirtz,doof@danvillekids.com,555-555-3205,N
2024-02-15,11:30:30,Perry the Platypus,agentp@danvillekids.com,555-555-3206,N
2024-05-01,15:55:45,Baljeet,baljeet@danvillekids.com,555-555-3207,N
2023-03-05,09:20:00,Buford,buford@danvillekids.com,555-555-3208,N
2023-05-18,13:45:15,Vanessa D.,vanessa@danvillekids.com,555-555-3209,N
2023-08-01,18:10:30,Linda Flynn-Fletcher,linda@danvillekids.com,555-555-3210,N
